{"version":2,"languages":{"nodejs-npm":{"specfileHash":"e1ee51fe27d630782754e4fbc65b8961","lockfileHash":"021927ff4f30c673eb3e41dc980c600f","guessedImports":["mongoose","discord.js","cpu-stat","ms","lodash","node-superfetch","moment","canvas","kazagumo","chalk","dotenv","canvas-constructor"],"guessedImportsHash":"677d42c7acb2b0cd5adab78156946b9c"},"nodejs-yarn":{"specfileHash":"85b822ab58fa754067bd50f8b1a9c5a9","lockfileHash":"1129ed29d5fd9f4f6d8349537792c592","guessedImports":["cpu-stat","ms","node-superfetch","kazagumo","chalk","discord.js","mongoose","lodash","dotenv","moment"],"guessedImportsHash":"719deffba81c550f7f9b326e65e0fcb3"}}}
